company,title,work_type,region,company_url
Lemon.io,Senior Java Full-stack Developer,Full-Time,Latin America Only/Europe Only/UK Only/Canada Only/Asia Only/Oceania Only,https://weworkremotely.com/top-remote-companies
RebelCode,Lead Developer,Full-Time,Anywhere in the World,https://weworkremotely.com/remote-jobs/rebelcode-lead-developer
SocialHub,Full Stack Developer - Remote/SaaS (m/f/d),Full-Time,Anywhere in the World,https://weworkremotely.com/remote-jobs/socialhub-full-stack-developer-remote-saas-m-f-d
SocialHub,Backend Javascript / Node.js Developer - Remote/SaaS (m/f/d),Full-Time,Anywhere in the World,https://weworkremotely.com/remote-jobs/socialhub-backend-javascript-node-js-developer-remote-saas-m-f-d-3
"BURNETTE, DOBSON & PINCHAK",Executive Assitant to the CEO,Full-Time,Anywhere in the World,https://weworkremotely.com/remote-jobs/burnette-dobson-pinchak-executive-assitant-to-the-ceo
PickleBali,"Technical Apparel Designer - Help Design Unique Sports Apparel using CLO3D, Browzwear, Marvelous",Full-Time,Europe Only/UK Only/EMEA Only/Asia Only/Oceania Only,https://weworkremotely.com/remote-jobs/picklebali-technical-apparel-designer-help-design-unique-sports-apparel-using-clo3d-browzwear-marvelous
Elite Software Automation,Business Analyst,Full-Time,Anywhere in the World,https://weworkremotely.com/remote-jobs/elite-software-automation-business-analyst
A5 Labs,Head of Cloud Operations,Full-Time,Europe Only/UK Only,https://weworkremotely.com/remote-jobs/a5-labs-head-of-cloud-operations
Yoko Co,UI/Web Designer,Full-Time,Anywhere in the World,https://weworkremotely.com/remote-jobs/yoko-co-ui-web-designer
Medusa,Senior Software Engineer | Ecommerce dev-tool startup,Full-Time,Anywhere in the World,https://weworkremotely.com/remote-jobs/medusa-senior-software-engineer-ecommerce-dev-tool-startup
CloudDevs,React/Node Fullstack Developer,Full-Time,Latin America Only/Europe Only/EMEA Only/Asia Only,https://weworkremotely.com/job-seekers/account/login
Circuit,Senior Web Developer - Support Team - Remote,Full-Time,,https://weworkremotely.com/remote-jobs/circuit-senior-web-developer-support-team-remote
WP All Import,WP All Import: SEO Strategist & Writer,Full-Time,Anywhere in the World,https://weworkremotely.com/remote-jobs/wp-all-import-wp-all-import-seo-strategist-writer
Empire Flippers,Director of Operations,Full-Time,Anywhere in the World,https://weworkremotely.com/remote-jobs/empire-flippers-director-of-operations
GoTu (formerly TempMee),Senior Backend Engineer,Full-Time,Anywhere in the World,https://weworkremotely.com/remote-jobs/gotu-formerly-tempmee-senior-backend-engineer
Input Logic,Product Manager,Full-Time,Canada Only,https://weworkremotely.com/remote-jobs/input-logic-product-manager-2
Fortune Writers Inc,Content Writer,Full-Time,Anywhere in the World,https://weworkremotely.com/job-seekers/account/login
We Work Remotely,Executive Assistant for Latin America,Full-Time,Latin America Only,https://weworkremotely.com/job-seekers/account/login
Interaction Design Foundation,Senior PHP (Laravel) Developer,Full-Time,Anywhere in the World,https://weworkremotely.com/remote-jobs/interaction-design-foundation-senior-php-laravel-developer-1
SportyBet,Customer Service PaaS Product Manager ,Full-Time,Europe Only,https://weworkremotely.com/remote-jobs/sportybet-customer-service-paas-product-manager
Toggl,Senior Backend Engineer,Full-Time,Anywhere in the World,https://weworkremotely.com/remote-jobs/toggl-senior-backend-engineer-2
We Work Remotely,Financial Controller,Full-Time,Anywhere in the World,https://weworkremotely.com/job-seekers/account/login
SportyBet,Senior EU Frontend Engineer ,Full-Time,Europe Only,https://weworkremotely.com/remote-jobs/sportybet-senior-eu-frontend-engineer
CobbleWeb,Senior Front-End JS Engineer,Full-Time,Europe Only/Africa Only,https://weworkremotely.com/remote-jobs/cobbleweb-senior-front-end-js-engineer-1
silverorange,Senior Web & App Designer,Full-Time,Canada Only,https://weworkremotely.com/remote-jobs/silverorange-senior-web-app-designer-1
Interaction Design Foundation,UI Designer and Figma Specialist,Full-Time,Anywhere in the World,https://weworkremotely.com/remote-jobs/interaction-design-foundation-ui-designer-and-figma-specialist
Lemon.io,Senior Full-stack PHP&React Developer,Full-Time,Latin America Only/Europe Only/UK Only/Canada Only/Asia Only/Oceania Only,https://weworkremotely.com/top-remote-companies
"Duet, Inc.",Senior Software Engineer,Full-Time,Anywhere in the World,https://weworkremotely.com/remote-jobs/duet-inc-senior-software-engineer-11
"GotSoccer, LLC",Rails Developer,Full-Time,Anywhere in the World,https://weworkremotely.com/remote-jobs/gotsoccer-llc-rails-developer-3
Proxify AB,Senior MS Power BI Developer,Full-Time,Latin America Only/Europe Only/EMEA Only,https://weworkremotely.com/job-seekers/account/login
Proxify AB,Senior DevOps Engineer (AWS),Full-Time,Latin America Only/Europe Only/EMEA Only,https://weworkremotely.com/job-seekers/account/login
Proxify AB,"Senior DevOps Engineer (Azure, AWS, GCP)",Full-Time,Latin America Only/Europe Only/EMEA Only,https://weworkremotely.com/job-seekers/account/login
Proxify AB,Senior DevOps Engineer (Azure),Full-Time,Latin America Only/Europe Only/EMEA Only,https://weworkremotely.com/job-seekers/account/login
Proxify AB,Senior Django Developer,Full-Time,Latin America Only/Europe Only/EMEA Only,https://weworkremotely.com/job-seekers/account/login
Proxify AB,Senior Mobile Developer (Cross-Platform),Full-Time,Latin America Only/Europe Only/EMEA Only,https://weworkremotely.com/job-seekers/account/login
Proxify AB,Senior Pimcore Developer,Full-Time,Latin America Only/Europe Only/EMEA Only,https://weworkremotely.com/job-seekers/account/login
Proxify AB,Senior Next.js Developer,Full-Time,Latin America Only/Europe Only/EMEA Only,https://weworkremotely.com/job-seekers/account/login
Proxify AB,Senior WordPress Developer,Full-Time,Latin America Only/Europe Only/EMEA Only,https://weworkremotely.com/job-seekers/account/login
Proxify AB,Senior Flutter Developer,Full-Time,Latin America Only/Europe Only/EMEA Only,https://weworkremotely.com/job-seekers/account/login
Storyteller,Delivery Manager,Full-Time,USA Only/Europe Only/UK Only/Canada Only,https://weworkremotely.com/remote-jobs/storyteller-delivery-manager
Baymard Institute,Head of B2B Growth Marketing/Demand Generation,Full-Time,Anywhere in the World,https://weworkremotely.com/remote-jobs/baymard-institute-head-of-b2b-growth-marketing-demand-generation
Localize,Platform Reliability Engineer,Full-Time,USA Only,https://weworkremotely.com/remote-jobs/localize-platform-reliability-engineer
G2i Inc.,Backend Go Developer - Remote,Full-Time,Latin America Only,https://weworkremotely.com/top-remote-companies
Ventures Together,Senior EA,Full-Time,Europe Only/UK Only/Africa Only,https://weworkremotely.com/remote-jobs/ventures-together-senior-ea
Vidalytics,Customer Happiness Lead (SaaS Tech Support),Full-Time,Latin America Only/Americas Only,https://weworkremotely.com/remote-jobs/vidalytics-customer-happiness-lead-saas-tech-support
Fluro,Senior Infrastructure Engineer,Full-Time,Europe Only,https://weworkremotely.com/remote-jobs/fluro-senior-infrastructure-engineer
Great Good Venture Studio,Sales & Client Manager for Relocation Agency (Thailand based role),Full-Time,Anywhere in the World,https://weworkremotely.com/remote-jobs/great-good-venture-studio-sales-client-manager-for-relocation-agency-thailand-based-role
UserEvidence,Senior Full-stack Engineer (Rails),Full-Time,Latin America Only,https://weworkremotely.com/remote-jobs/userevidence-senior-full-stack-engineer-rails-1
Greenlight Media Pte Ltd,Operations Manager,Full-Time,Europe Only/UK Only/Asia Only/Oceania Only,https://weworkremotely.com/remote-jobs/greenlight-media-pte-ltd-operations-manager
Web3 Jobs,Senior Ruby on Rails Developer,Full-Time,USA Only,https://weworkremotely.com/remote-jobs/web3-jobs-senior-ruby-on-rails-developer
Calldrip,Senior PHP & Full-stack Developer,Full-Time,USA Only,https://weworkremotely.com/remote-jobs/calldrip-senior-php-full-stack-developer
ZenOne,Full Stack Engineer,Full-Time,Anywhere in the World,https://weworkremotely.com/remote-jobs/zenone-full-stack-engineer
The Ward Law Group,Virtual Assistants with customer service and sales experience,Full-Time,Latin America Only,https://weworkremotely.com/remote-jobs/the-ward-law-group-virtual-assistants-with-customer-service-and-sales-experience
The Hello Team,Chinese Bilingual Customer Service Representative,Full-Time,Latin America Only/Europe Only/UK Only/Canada Only/EMEA Only/Asia Only/Oceania Only,https://weworkremotely.com/remote-jobs/the-hello-team-chinese-bilingual-customer-service-representative
Onepage GmbH,Customer Care Representative (m/f/d),Full-Time,Europe Only,https://weworkremotely.com/remote-jobs/onepage-gmbh-customer-care-representative-m-f-d
Teamworks,Principal Java Software Engineer,Full-Time,USA Only/North America Only,https://weworkremotely.com/remote-jobs/teamworks-principal-java-software-engineer
Booster SEO,Senior Ruby on Rails Engineer,Full-Time,Anywhere in the World,https://weworkremotely.com/remote-jobs/booster-seo-senior-ruby-on-rails-engineer
DistroKid,Senior Marketing Engineer,Full-Time,USA Only/Canada Only,https://weworkremotely.com/remote-jobs/distrokid-senior-marketing-engineer
Storm Ideas Ltd,Account Executive ,Full-Time,UK Only,https://weworkremotely.com/remote-jobs/storm-ideas-ltd-account-executive
Constructive,"Full Stack Developer (Drupal & WordPress) for Social Impact Design Agency (Remote, North American Time Zones ONLY)",Full-Time,Americas Only,https://weworkremotely.com/remote-jobs/constructive-full-stack-developer-drupal-wordpress-for-social-impact-design-agency-remote-north-american
BBE Marketing Inc,Graphic Designer,Full-Time,Anywhere in the World,https://weworkremotely.com/remote-jobs/bbe-marketing-inc-graphic-designer
Sticker Mule,Site Reliability Engineer,Full-Time,Anywhere in the World,https://weworkremotely.com/remote-jobs/sticker-mule-site-reliability-engineer-1
Cliniko,üéâ Unique Operations Engineer üéâ,Full-Time,Anywhere in the World,https://weworkremotely.com/remote-jobs/cliniko-unique-operations-engineer
"Data Virtuality, a CData Software company",Web Developer (Angular),Full-Time,Anywhere in the World,https://weworkremotely.com/remote-jobs/data-virtuality-a-cdata-software-company-web-developer-angular
Toggl,Head of Sales,Full-Time,Anywhere in the World,https://weworkremotely.com/remote-jobs/toggl-head-of-sales
Spark Shipping,Technical Support Specialist,Full-Time,Anywhere in the World,https://weworkremotely.com/remote-jobs/spark-shipping-technical-support-specialist
MailerLite,Site Reliability Engineer,Full-Time,,https://weworkremotely.com/remote-jobs/mailerlite-site-reliability-engineer
Contra,Account Executive ,Full-Time,North America Only,https://weworkremotely.com/top-remote-companies
Order Desk,Technical Support Specialist ,Full-Time,Anywhere in the World,https://weworkremotely.com/remote-jobs/order-desk-technical-support-specialist-1
Groove,Content Writer,Full-Time,Anywhere in the World,https://weworkremotely.com/remote-jobs/groove-content-writer
Embodied Marketing,FB Ads Manager,Full-Time,Anywhere in the World,https://weworkremotely.com/remote-jobs/embodied-marketing-fb-ads-manager
Diamond Eye Travel,Remote Travel Booking Specialist,Full-Time,Anywhere in the World,https://weworkremotely.com/remote-jobs/diamond-eye-travel-remote-travel-booking-specialist
EngagedMD,Product Manager,Full-Time,USA Only,https://weworkremotely.com/remote-jobs/engagedmd-product-manager-1
DVagency,TikTok Manager,Full-Time,USA Only,https://weworkremotely.com/remote-jobs/dvagency-tiktok-manager
Doximity,"Senior Software Engineer, Full Stack",Full-Time,USA Only,https://weworkremotely.com/remote-jobs/doximity-senior-software-engineer-full-stack
Carb Manager,Senior Full Stack Developer,Full-Time,Anywhere in the World,https://weworkremotely.com/remote-jobs/carb-manager-senior-full-stack-developer-1
ONSAAS.ME,Link Building Specialist (Outreach Manager),Full-Time,Anywhere in the World,https://weworkremotely.com/remote-jobs/onsaas-me-link-building-specialist-outreach-manager-1
Reviewshake,Product Manager at Shake,Full-Time,Anywhere in the World,https://weworkremotely.com/remote-jobs/reviewshake-product-manager-at-shake
Core Management,Head of Acquisition/ Acquisition Manager,Full-Time,USA Only/North America Only/Americas Only/Europe Only/UK Only/Canada Only,https://weworkremotely.com/remote-jobs/core-management-head-of-acquisition-acquisition-manager
Whitespectre,"Senior Backend Node.js Engineer (with Next.js, Nest.js, React.js)",Full-Time,Anywhere in the World,https://weworkremotely.com/remote-jobs/whitespectre-senior-backend-node-js-engineer-with-next-js-nest-js-react-js
RISE ABOVE AND BEYOND LIFE,Life Coach ,Full-Time,USA Only/UK Only/Canada Only/Oceania Only,https://weworkremotely.com/remote-jobs/rise-above-and-beyond-life-life-coach
Rivo Commerce,Ruby on Rails Engineer with Shopify App Experience,Full-Time,Anywhere in the World,https://weworkremotely.com/remote-jobs/rivo-commerce-ruby-on-rails-engineer-with-shopify-app-experience
RemoteMore,C/C++ Developer,Full-Time,Americas Only/Europe Only/Africa Only,https://weworkremotely.com/top-remote-companies
XM,"Senior PHP Web Developers‚Äì Cyprus, Greece or Remote",Full-Time,Anywhere in the World,https://weworkremotely.com/remote-jobs/xm-senior-php-web-developers-cyprus-greece-or-remote-2
XM,Cloud Security Engineer,Full-Time,Anywhere in the World,https://weworkremotely.com/remote-jobs/xm-cloud-security-engineer
SafetyWing,Head of Partnerships,Full-Time,Anywhere in the World,https://weworkremotely.com/remote-jobs/safetywing-head-of-partnerships-1
"Data Virtuality, a CData Software company",Senior QA Automation Engineer (Frontend),Full-Time,Anywhere in the World,https://weworkremotely.com/remote-jobs/data-virtuality-a-cdata-software-company-senior-qa-automation-engineer-frontend
OpenPlay,Full Stack Ruby Engineer,Full-Time,USA Only,https://weworkremotely.com/remote-jobs/openplay-full-stack-ruby-engineer
Microdose Mushrooms Canada,Blog Content Writer,Full-Time,Anywhere in the World,https://weworkremotely.com/remote-jobs/microdose-mushrooms-canada-blog-content-writer
Vidalytics,UX / UI Designer at Tech SaaS üöÄ,Full-Time,Europe Only,https://weworkremotely.com/remote-jobs/vidalytics-ux-ui-designer-at-tech-saas
Whitespectre,Senior Fullstack Engineer (React.js/Next.js/Nest.js),Full-Time,Anywhere in the World,https://weworkremotely.com/remote-jobs/whitespectre-senior-fullstack-engineer-react-js-next-js-nest-js
New Law Business Model,Marketing Automation SaaS + Services Line of Business Owner,Full-Time,Anywhere in the World,https://weworkremotely.com/remote-jobs/new-law-business-model-marketing-automation-saas-services-line-of-business-owner
BBE Marketing Inc,Administrative Assistant,Full-Time,Anywhere in the World,https://weworkremotely.com/remote-jobs/bbe-marketing-inc-administrative-assistant-4
maids.cc,Business Analyst,Full-Time,Anywhere in the World,https://weworkremotely.com/remote-jobs/maids-cc-business-analyst-2
XM,AWS Database Aministrator,Full-Time,Europe Only,https://weworkremotely.com/remote-jobs/xm-aws-database-aministrator
Trifecta Retail Ventures,"Customer Happiness Advocate (Remote - UK, Finland, Spain)",Full-Time,Europe Only,https://weworkremotely.com/remote-jobs/trifecta-retail-ventures-customer-happiness-advocate-remote-uk-finland-spain
Data Virtuality GmbH,Senior QA Automation Engineer (Backend),Full-Time,Anywhere in the World,https://weworkremotely.com/remote-jobs/data-virtuality-gmbh-senior-qa-automation-engineer-backend
Patchstack,SEO Manager,Full-Time,Anywhere in the World,https://weworkremotely.com/remote-jobs/patchstack-seo-manager
Contra,Account Executive - SMB,Full-Time,USA Only,https://weworkremotely.com/top-remote-companies
The Veranda Assisted Living ,Telesales Representative / Phillipines,Full-Time,Asia Only,https://weworkremotely.com/remote-jobs/the-veranda-assisted-living-telesales-representative-phillipines
Small Improvements,Customer Success Advisor,Full-Time,USA Only,https://weworkremotely.com/remote-jobs/small-improvements-customer-success-advisor
Realiste,"Senior Sales Manager, Realiste AI",Full-Time,Anywhere in the World,https://weworkremotely.com/remote-jobs/realiste-senior-sales-manager-realiste-ai
Milk Stork,Sales Account Executive,Full-Time,USA Only,https://weworkremotely.com/remote-jobs/milk-stork-sales-account-executive
Freshly Commerce,Senior Full-Stack Product Developer | Ruby on Rails + React,Full-Time,Anywhere in the World,https://weworkremotely.com/remote-jobs/freshly-commerce-senior-full-stack-product-developer-ruby-on-rails-react
REALISTE AI,Sales Director (Primary Real Estate) at Realiste AI,Full-Time,Anywhere in the World,https://weworkremotely.com/remote-jobs/realiste-ai-sales-director-primary-real-estate-at-realiste-ai
REALISTE AI,"Financial Management Specialist, Realiste AI",Full-Time,Anywhere in the World,https://weworkremotely.com/remote-jobs/realiste-ai-financial-management-specialist-realiste-ai
Subscript,Client Data Solutions & Implementation Manager,Full-Time,Anywhere in the World,https://weworkremotely.com/remote-jobs/subscript-client-data-solutions-implementation-manager
XM,"iOS Developer ‚Äì Cyprus, Greece or Remote",Full-Time,Anywhere in the World,https://weworkremotely.com/remote-jobs/xm-ios-developer-cyprus-greece-or-remote-6
IDVerse / OCR Labs,Front End Engineer - Full Time,Full-Time,Anywhere in the World,https://weworkremotely.com/remote-jobs/idverse-ocr-labs-front-end-engineer-full-time
Murmuration,HR Manager,Full-Time,USA Only,https://weworkremotely.com/remote-jobs/murmuration-hr-manager
Files.com,UI/UX Designer,Full-Time,Anywhere in the World,https://weworkremotely.com/remote-jobs/files-com-ui-ux-designer
CSGOEmpire,Front-End w/Vue.js (3 yrs xp),Full-Time,Anywhere in the World,https://weworkremotely.com/remote-jobs/csgoempire-front-end-w-vue-js-3-yrs-xp
Athelas,Software Engineer,Full-Time,Anywhere in the World,https://weworkremotely.com/remote-jobs/athelas-software-engineer-5
Select Saunas,Customer Service & Sales Representative,Full-Time,Asia Only,https://weworkremotely.com/remote-jobs/select-saunas-customer-service-sales-representative-1
Tom Horn Gaming,HR Generalist,Full-Time,Europe Only,https://weworkremotely.com/remote-jobs/tom-horn-gaming-hr-generalist
UsedConex.com,"REMOTE CHAT REP - Up to $10,000 per month - FLEXIBLE HOURS! Hiring ASAP!",Full-Time,USA Only/Europe Only,https://weworkremotely.com/remote-jobs/usedconex-com-remote-chat-rep-up-to-10-000-per-month-flexible-hours-hiring-asap
"LeadSimple, Inc.",Sales Manager,Full-Time,USA Only,https://weworkremotely.com/remote-jobs/leadsimple-inc-sales-manager
Groundfloor,Head of Product,Full-Time,Anywhere in the World,https://weworkremotely.com/remote-jobs/groundfloor-head-of-product
CerealBox,Operations Specialist ,Full-Time,Anywhere in the World,https://weworkremotely.com/remote-jobs/cerealbox-operations-specialist
District Public,Senior Analyst,Full-Time,Anywhere in the World,https://weworkremotely.com/remote-jobs/district-public-senior-analyst
TrendSpider,Quality Assurance Engineer,Full-Time,Anywhere in the World,https://weworkremotely.com/remote-jobs/trendspider-quality-assurance-engineer
Politech,Full Stack (React/Elixir) Engineer,Full-Time,USA Only,https://weworkremotely.com/remote-jobs/politech-full-stack-react-elixir-engineer
Planning Center,Director of Marketing,Full-Time,USA Only,https://weworkremotely.com/remote-jobs/planning-center-director-of-marketing
Studiotools,Performance Marketing Expert,Full-Time,Anywhere in the World,https://weworkremotely.com/remote-jobs/studiotools-performance-marketing-expert
Animalz,Senior Content Marketer,Full-Time,Anywhere in the World,https://weworkremotely.com/remote-jobs/animalz-senior-content-marketer-1
Data Virtuality,Senior Backend Developer SaaS,Full-Time,Anywhere in the World,https://weworkremotely.com/remote-jobs/data-virtuality-senior-backend-developer-saas
AvenueHQ,Operations Manager,Full-Time,North America Only,https://weworkremotely.com/remote-jobs/avenuehq-operations-manager
Sanctuary Computer,Experienced Full-stack Developer,Full-Time,Anywhere in the World,https://weworkremotely.com/remote-jobs/sanctuary-computer-experienced-full-stack-developer
Salesmsg,Head of Customer Success (SaaS) ü§ùüèª üí∏ üòÑ,Full-Time,Anywhere in the World,https://weworkremotely.com/remote-jobs/salesmsg-head-of-customer-success-saas-2
Flag Theory,Client Onboarding for Corporate Services (Bank Accounts department),Full-Time,Europe Only,https://weworkremotely.com/remote-jobs/flag-theory-client-onboarding-for-corporate-services-bank-accounts-department
BBE Marketing Inc,Full-Stack Wordpress Developer,Full-Time,Anywhere in the World,https://weworkremotely.com/remote-jobs/bbe-marketing-inc-full-stack-wordpress-developer-11
Maids.cc,Business Analyst ,Full-Time,Anywhere in the World,https://weworkremotely.com/remote-jobs/maids-cc-business-analyst-3
